{
    "Magic Missile": {
        "name": "Magic Missile",
        "level": 1,
        "school": "Evocation",
        "subschool": null,
        "descriptor": ["Force"],
        "casting_time": "1 standard action",
        "components": {
            "verbal": true,
            "somatic": true,
            "material": false,
            "focus": false,
            "divine_focus": false
        },
        "spell_range": "Medium (100 ft. + 10 ft./level)",
        "area": null,
        "target": "Up to five creatures, no two of which can be more than 15 ft. apart",
        "duration": "Instantaneous",
        "saving_throw": "None",
        "spell_resistance": true,
        "description": "A missile of magical energy darts forth and strikes its target.",
        "classes": {"Wizard": 1, "Sorcerer": 1}
    }
}