{
  "locations": [
    {
      "id": "entrance",
      "name": "The Forgotten Cave Entrance",
      "description": "A moss-covered stone archway leading into the darkness, the air thick with the scent of damp earth.",
      "exits": ["hallway"],
      "monsters": ["goblin", "giant_rat"]
    },
    {
      "id": "hallway",
      "name": "The Echoing Hallway",
      "description": "A narrow corridor with walls that seem to whisper, lit by flickering torch sconces.",
      "exits": ["entrance", "treasure_room", "trap_room"],
      "monsters": ["skeleton", "giant_spider"]
    },
    {
      "id": "treasure_room",
      "name": "The Treasure Chamber",
      "description": "A grand chamber filled with glittering gold and ancient artifacts, guarded by a formidable beast.",
      "exits": ["hallway"],
      "monsters": ["dragon", "treasure_guard"]
    },
    {
      "id": "trap_room",
      "name": "The Trap-Filled Passage",
      "description": "A hallway riddled with hidden traps and pressure plates, requiring careful navigation.",
      "exits": ["hallway", "secret_room"],
      "monsters": ["trap_mechanism", "shadow"]
    },
    {
      "id": "secret_room",
      "name": "The Hidden Sanctuary",
      "description": "A concealed room with ancient murals and a serene atmosphere, untouched by time.",
      "exits": ["trap_room"],
      "monsters": ["guardian_angel"]
    }
  ]
}
