{
    "Human": {
        "name": "Human",
        "ability_modifiers": {},
        "size": "Medium",
        "speed": 30,
        "racial_traits": [
            {
                "name": "Bonus Feat",
                "description": "Gain one extra feat at 1st level"
            },
            {
                "name": "Extra Skills",
                "description": "Gain 4 extra skill points at 1st level and 1 extra skill point at each additional level"
            }
        ],
        "favored_class": "Any",
        "languages": ["Common"]
    }
}