{
  "Dungeons_and_Dragons_3.5e_Loot": {
    "Weapons": {
      "Simple": {
        "Dagger": {
          "name": "Dagger",
          "cost": 2,
          "weight": 1,
          "damage": "1d4",
          "critical": "19-20/x2",
          "range_increment": 10,
          "type": "Piercing",
          "properties": ["Light", "Thrown"],
          "source": "PHB"
        },
        "Greatclub": {
          "name": "Greatclub",
          "cost": 5,
          "weight": 8,
          "damage": "1d10",
          "critical": "x2",
          "type": "Bludgeoning",
          "properties": ["Two-Handed"],
          "source": "PHB"
        }
      },
      "Martial": {
        "Longsword": {
          "name": "Longsword",
          "cost": 15,
          "weight": 4,
          "damage": "1d8",
          "critical": "19-20/x2",
          "type": "Slashing",
          "properties": ["One-Handed"],
          "source": "PHB"
        },
        "Composite Longbow": {
          "name": "Composite Longbow (+1 Str)",
          "cost": 300,
          "weight": 3,
          "damage": "1d8",
          "critical": "x3",
          "range_increment": 110,
          "type": "Piercing",
          "properties": ["Ranged", "Two-Handed"],
          "source": "PHB"
        }
      },
      "Exotic": {
        "Bastard Sword": {
          "name": "Bastard Sword",
          "cost": 35,
          "weight": 6,
          "damage": "1d10",
          "critical": "19-20/x2",
          "type": "Slashing",
          "properties": ["Versatile (Martial 1H/Exotic 2H)"],
          "source": "PHB"
        },
        "Spiked Chain": {
          "name": "Spiked Chain",
          "cost": 25,
          "weight": 10,
          "damage": "2d4",
          "critical": "x2",
          "type": "Piercing",
          "properties": ["Reach", "Disarm", "Trip"],
          "source": "PHB"
        }
      }
    },
    "Armor": {
      "Light": {
        "Padded": {
          "name": "Padded Armor",
          "cost": 5,
          "weight": 10,
          "ac_bonus": 1,
          "max_dex": 8,
          "check_penalty": 0,
          "spell_failure": 5,
          "speed_30ft": 30,
          "speed_20ft": 20,
          "source": "PHB"
        }
      },
      "Medium": {
        "Chainmail": {
          "name": "Chainmail",
          "cost": 150,
          "weight": 40,
          "ac_bonus": 5,
          "max_dex": 2,
          "check_penalty": -5,
          "spell_failure": 30,
          "speed_30ft": 20,
          "speed_20ft": 15,
          "source": "PHB"
        }
      },
      "Heavy": {
        "Full Plate": {
          "name": "Full Plate",
          "cost": 1500,
          "weight": 50,
          "ac_bonus": 8,
          "max_dex": 1,
          "check_penalty": -6,
          "spell_failure": 35,
          "speed_30ft": 20,
          "speed_20ft": 15,
          "source": "PHB"
        }
      }
    },
    "Shields": {
      "Light": {
        "Buckler": {
          "name": "Buckler",
          "cost": 15,
          "weight": 5,
          "ac_bonus": 1,
          "check_penalty": -1,
          "spell_failure": 5,
          "source": "PHB"
        }
      },
      "Heavy": {
        "Tower Shield": {
          "name": "Tower Shield",
          "cost": 30,
          "weight": 45,
          "ac_bonus": 4,
          "check_penalty": -10,
          "spell_failure": 50,
          "special": "Can provide cover",
          "source": "PHB"
        }
      }
    },
    "Adventuring_Gear": {
      "Containers": {
        "Backpack": {
          "name": "Backpack",
          "cost": 2,
          "weight": 2,
          "capacity": "30 lbs",
          "source": "PHB"
        },
        "Bag of Holding (Type I)": {
          "name": "Bag of Holding (Type I)",
          "cost": 2500,
          "weight": 15,
          "capacity": "250 lbs or 30 cubic feet",
          "source": "DMG"
        }
      },
      "Tools": {
        "Thieves' Tools": {
          "name": "Thieves' Tools",
          "cost": 30,
          "weight": 2,
          "bonus": "+2 Disable Device/Open Lock",
          "source": "PHB"
        }
      }
    },
    "Magic_Items": {
      "Wondrous": {
        "Cloak of Resistance +1": {
          "name": "Cloak of Resistance +1",
          "cost": 1000,
          "weight": 1,
          "bonus": "+1 all saves",
          "slot": "Shoulders",
          "source": "DMG"
        },
        "Boots of Striding and Springing": {
          "name": "Boots of Striding and Springing",
          "cost": 5500,
          "weight": 1,
          "effects": ["+10 ft enhancement to speed", "+5 competence to Jump"],
          "slot": "Feet",
          "source": "DMG"
        }
      },
      "Weapons": {
        "+1 Longsword": {
          "name": "+1 Longsword",
          "cost": 2315,
          "weight": 4,
          "damage": "1d8+1",
          "critical": "19-20/x2",
          "type": "Slashing",
          "enhancement": "+1",
          "source": "DMG"
        }
      },
      "Armor": {
        "+1 Full Plate": {
          "name": "+1 Full Plate",
          "cost": 2650,
          "weight": 50,
          "ac_bonus": 9,
          "max_dex": 1,
          "check_penalty": -6,
          "spell_failure": 35,
          "enhancement": "+1",
          "source": "DMG"
        }
      }
    },
    "Special_Materials": {
      "Mithral": {
        "name": "Mithral",
        "cost_modifier": 1000,
        "weight_modifier": 0.5,
        "effect": "Armor counts as 1 category lighter",
        "source": "DMG"
      },
      "Adamantine": {
        "name": "Adamantine",
        "cost_modifier": 3000,
        "effect": "Bypasses hardness <20",
        "source": "DMG"
      }
    }
  }
}