{
    "Fighter": {
        "name": "Fighter",
        "hit_die": 10,
        "base_attack_bonus": "good",
        "saving_throws": {"Fort": "good", "Ref": "poor", "Will": "poor"},
        "skill_points": 2,
        "class_skills": ["Climb", "Craft", "Handle Animal", "Intimidate", "Jump", "Ride", "Swim"],
        "spellcasting": null,
        "features": [
            {
                "name": "Bonus Feat",
                "level": 1,
                "description": "Gain a bonus combat feat at 1st level and every even level"
            }
        ]
    }
}