{
    "Power Attack": {
        "name": "Power Attack",
        "description": "Trade attack bonus for damage bonus",
        "benefit": "On your action, before making attack rolls for a round, you may choose to subtract a number from all melee attack rolls and add the same number to all melee damage rolls. This number may not exceed your base attack bonus.",
        "prerequisites": [
            {"type": "ability", "value": "STR 13"},
            {"type": "base_attack_bonus", "value": "+1"}
        ],
        "type": "combat",
        "special": null,
        "multiple": false
    }
}