{
    "Longsword": {
        "name": "Longsword",
        "category": "weapon",
        "cost": 15,
        "weight": 4,
        "description": "A versatile one-handed martial weapon",
        "properties": [
            {
                "name": "Martial Weapon",
                "description": "Proficiency required to use effectively",
                "modifier": null
            }
        ],
        "ac_bonus": 0,
        "damage": "1d8",
        "critical": "19-20/x2",
        "range_increment": null
    }
}