[
  {
    "id": "start",
    "name": "The Forgotten Forest",
    "description": "A dense, misty forest filled with ancient trees and the whispers of lost travelers. Strange runes are carved into the bark of the oldest oaks.",
    "exits": {
      "north": "clearing",
      "east": "cave",
      "west": "ruins"
    }
  },
  {
    "id": "clearing",
    "name": "Sunlit Clearing",
    "description": "A bright circular meadow where sunlight breaks through the canopy. At the center stands a weathered stone altar covered in moss.",
    "exits": {
      "south": "start",
      "east": "stream"
    }
  },
  {
    "id": "cave",
    "name": "Goblin's Maw Cave",
    "description": "A damp, limestone cave that echoes with dripping water. The walls bear crude goblin graffiti and the air smells of wet fur.",
    "exits": {
      "west": "start",
      "down": "tunnels"
    }
  },
  {
    "id": "ruins",
    "name": "Elven Ruins",
    "description": "Collapsed marble structures overgrown with ivy. Faint magical energy hums from broken arcane sigils on the ground.",
    "exits": {
      "east": "start",
      "north": "library"
    }
  },
  {
    "id": "stream",
    "name": "Crystal Stream",
    "description": "A shallow brook with unnaturally blue water. Small fish with glowing scales dart between the rocks.",
    "exits": {
      "west": "clearing",
      "north": "waterfall"
    }
  },
  {
    "id": "tunnels",
    "name": "Underground Tunnels",
    "description": "A maze of narrow, torch-lit passages. The sound of pickaxes echoes from somewhere deeper in the complex.",
    "exits": {
      "up": "cave",
      "north": "barracks",
      "east": "forge"
    }
  },
  {
    "id": "library",
    "name": "Ruined Library",
    "description": "A circular chamber with water-damaged books floating in puddles. One intact bookshelf radiates protective magic.",
    "exits": {
      "south": "ruins"
    }
  },
  {
    "id": "waterfall",
    "name": "Hidden Waterfall",
    "description": "A 30-foot cascade plunging into a deep pool. Behind the falls, a dark opening leads somewhere...",
    "exits": {
      "south": "stream",
      "hidden": "grotto"
    }
  },
  {
    "id": "barracks",
    "name": "Goblin Barracks",
    "description": "A foul-smelling chamber filled with ragged bedrolls and stolen goods. The walls are scratched with tallies counting days.",
    "exits": {
      "south": "tunnels"
    }
  },
  {
    "id": "forge",
    "name": "Abandoned Forge",
    "description": "A stone furnace gone cold years ago. Unfinished weapons litter worktables, and a massive anvil sits off-center.",
    "exits": {
      "west": "tunnels",
      "secret": "vault"
    }
  },
  {
    "id": "grotto",
    "name": "Moonlit Grotto",
    "description": "A cavern where bioluminescent fungi provide soft blue light. In the center, a perfect sphere of water floats mid-air.",
    "exits": {
      "out": "waterfall"
    }
  },
  {
    "id": "vault",
    "name": "Dwarven Vault",
    "description": "A perfectly cubic chamber with walls of polished granite. Runes glow faintly along the seams where walls meet.",
    "exits": {
      "out": "forge"
    }
  }
]