[
  {
    "name": "Goblin",
    "hp": [
      5,
      10
    ],
    "attack": [
      3,
      6
    ],
    "defense": [
      1,
      3
    ]
  },
  {
    "name": "Orc",
    "hp": [
      12,
      18
    ],
    "attack": [
      6,
      9
    ],
    "defense": [
      4,
      6
    ]
  },
  {
    "name": "Skeleton",
    "hp": [
      8,
      14
    ],
    "attack": [
      4,
      7
    ],
    "defense": [
      2,
      4
    ]
  },
  {
    "name": "Bandit",
    "hp": [
      10,
      15
    ],
    "attack": [
      5,
      8
    ],
    "defense": [
      3,
      5
    ]
  }
]